銘柄コード（stock_code）,企業名,業種コード（33分類）,業種名（33分類）,評価年度（西暦）,会計年度末,必須条件判定,総合スコア,配当スコア,EPS スコア,安定性スコア,収益性スコア,スクリーニング判定,yfinanceURL
1333,マルハニチロ,50,水産・農林業,2026,2025-03-31,True,80,10,30,20,20,active,https://finance.yahoo.co.jp/quote/1333.T
9065,山九,5050,陸運業,2026,2025-03-31,True,80,10,30,20,20,active,https://finance.yahoo.co.jp/quote/9065.T
4556,カイノス,3250,医薬品,2026,2025-03-31,True,80,10,30,20,20,active,https://finance.yahoo.co.jp/quote/4556.T
1928,積水ハウス,2050,建設業,2026,2025-01-31,True,80,10,30,20,20,active,https://finance.yahoo.co.jp/quote/1928.T
1944,きんでん,2050,建設業,2026,2025-03-31,True,80,10,30,20,20,active,https://finance.yahoo.co.jp/quote/1944.T
1969,高砂熱学工業,2050,建設業,2026,2025-03-31,True,80,10,30,20,20,active,https://finance.yahoo.co.jp/quote/1969.T
2742,ハローズ,6100,小売業,2026,2025-02-28,True,80,10,30,20,20,active,https://finance.yahoo.co.jp/quote/2742.T
3020,アプライド,6100,小売業,2026,2025-03-31,True,80,10,30,20,20,active,https://finance.yahoo.co.jp/quote/3020.T
3181,買取王国,6100,小売業,2026,2025-02-28,True,80,10,30,20,20,active,https://finance.yahoo.co.jp/quote/3181.T
3317,フライングガーデン,6100,小売業,2026,2025-03-31,True,80,10,30,20,20,active,https://finance.yahoo.co.jp/quote/3317.T
3375,ＺＯＡ,6100,小売業,2026,2025-03-31,True,80,10,30,20,20,active,https://finance.yahoo.co.jp/quote/3375.T
3560,ほぼ日,6100,小売業,2026,2025-08-31,True,80,10,30,20,20,active,https://finance.yahoo.co.jp/quote/3560.T
8198,マックスバリュ東海,6100,小売業,2026,2025-02-28,True,80,10,30,20,20,active,https://finance.yahoo.co.jp/quote/8198.T
9890,マキヤ,6100,小売業,2026,2025-03-31,True,80,10,30,20,20,active,https://finance.yahoo.co.jp/quote/9890.T
2303,ドーン,5250,情報・通信業,2026,2025-05-31,True,80,10,30,20,20,active,https://finance.yahoo.co.jp/quote/2303.T
2307,クロスキャット,5250,情報・通信業,2026,2025-03-31,True,80,10,30,20,20,active,https://finance.yahoo.co.jp/quote/2307.T
2332,クエスト,5250,情報・通信業,2026,2025-03-31,True,80,10,30,20,20,active,https://finance.yahoo.co.jp/quote/2332.T
2335,キューブシステム,5250,情報・通信業,2026,2025-03-31,True,80,10,30,20,20,active,https://finance.yahoo.co.jp/quote/2335.T
3671,ソフトマックス,5250,情報・通信業,2026,2024-12-31,True,80,10,30,20,20,active,https://finance.yahoo.co.jp/quote/3671.T
3694,オプティム,5250,情報・通信業,2026,2025-03-31,True,80,10,30,20,20,active,https://finance.yahoo.co.jp/quote/3694.T
3733,ソフトウェア・サービス,5250,情報・通信業,2026,2025-10-31,True,80,10,30,20,20,active,https://finance.yahoo.co.jp/quote/3733.T
3741,セック,5250,情報・通信業,2026,2025-03-31,True,80,10,30,20,20,active,https://finance.yahoo.co.jp/quote/3741.T
3804,システム　ディ,5250,情報・通信業,2026,2025-10-31,True,80,10,30,20,20,active,https://finance.yahoo.co.jp/quote/3804.T
3854,アイル,5250,情報・通信業,2026,2025-07-31,True,80,10,30,20,20,active,https://finance.yahoo.co.jp/quote/3854.T
3925,ダブルスタンダード,5250,情報・通信業,2026,2025-03-31,True,80,10,30,20,20,active,https://finance.yahoo.co.jp/quote/3925.T
3939,カナミックネットワーク,5250,情報・通信業,2026,2025-09-30,True,80,10,30,20,20,active,https://finance.yahoo.co.jp/quote/3939.T
3969,エイトレッド,5250,情報・通信業,2026,2025-03-31,True,80,10,30,20,20,active,https://finance.yahoo.co.jp/quote/3969.T
4019,スタメン,5250,情報・通信業,2026,2024-12-31,True,80,10,30,20,20,active,https://finance.yahoo.co.jp/quote/4019.T
4058,トヨクモ,5250,情報・通信業,2026,2024-12-31,True,80,10,30,20,20,active,https://finance.yahoo.co.jp/quote/4058.T
4270,ＢｅｅＸ,5250,情報・通信業,2026,2025-02-28,True,80,10,30,20,20,active,https://finance.yahoo.co.jp/quote/4270.T
4372,ユミルリンク,5250,情報・通信業,2026,2024-12-31,True,80,10,30,20,20,active,https://finance.yahoo.co.jp/quote/4372.T
4391,ロジザード,5250,情報・通信業,2026,2025-06-30,True,80,10,30,20,20,active,https://finance.yahoo.co.jp/quote/4391.T
4396,システムサポートホールディングス,5250,情報・通信業,2026,2025-06-30,True,80,10,30,20,20,active,https://finance.yahoo.co.jp/quote/4396.T
4421,ディ・アイ・システム,5250,情報・通信業,2026,2025-09-30,True,80,10,30,20,20,active,https://finance.yahoo.co.jp/quote/4421.T
4430,東海ソフト,5250,情報・通信業,2026,2025-05-31,True,80,10,30,20,20,active,https://finance.yahoo.co.jp/quote/4430.T
4493,サイバーセキュリティクラウド,5250,情報・通信業,2026,2024-12-31,True,80,10,30,20,20,active,https://finance.yahoo.co.jp/quote/4493.T
4495,アイキューブドシステムズ,5250,情報・通信業,2026,2025-06-30,True,80,10,30,20,20,active,https://finance.yahoo.co.jp/quote/4495.T
4752,昭和システムエンジニアリング,5250,情報・通信業,2026,2025-03-31,True,80,10,30,20,20,active,https://finance.yahoo.co.jp/quote/4752.T
4847,インテリジェント　ウェイブ,5250,情報・通信業,2026,2025-06-30,True,80,10,30,20,20,active,https://finance.yahoo.co.jp/quote/4847.T
7595,アルゴグラフィックス,5250,情報・通信業,2026,2025-03-31,True,80,10,30,20,20,active,https://finance.yahoo.co.jp/quote/7595.T
9360,鈴与シンワート,5250,情報・通信業,2026,2025-03-31,True,80,10,30,20,20,active,https://finance.yahoo.co.jp/quote/9360.T
9687,ＫＳＫ,5250,情報・通信業,2026,2025-03-31,True,80,10,30,20,20,active,https://finance.yahoo.co.jp/quote/9687.T
9709,ＮＣＳ＆Ａ,5250,情報・通信業,2026,2025-03-31,True,80,10,30,20,20,active,https://finance.yahoo.co.jp/quote/9709.T
9739,ＮＳＷ,5250,情報・通信業,2026,2025-03-31,True,80,10,30,20,20,active,https://finance.yahoo.co.jp/quote/9739.T
9753,アイエックス・ナレッジ,5250,情報・通信業,2026,2025-03-31,True,80,10,30,20,20,active,https://finance.yahoo.co.jp/quote/9753.T
1717,明豊ファシリティワークス,9050,サービス業,2026,2025-03-31,True,80,10,30,20,20,active,https://finance.yahoo.co.jp/quote/1717.T
2428,ウェルネット,9050,サービス業,2026,2025-06-30,True,80,10,30,20,20,active,https://finance.yahoo.co.jp/quote/2428.T
2481,タウンニュース社,9050,サービス業,2026,2025-06-30,True,80,10,30,20,20,active,https://finance.yahoo.co.jp/quote/2481.T
2485,ティア,9050,サービス業,2026,2025-09-30,True,80,10,30,20,20,active,https://finance.yahoo.co.jp/quote/2485.T
4318,クイック,9050,サービス業,2026,2025-03-31,True,80,10,30,20,20,active,https://finance.yahoo.co.jp/quote/4318.T
6036,ＫｅｅＰｅｒ技研,9050,サービス業,2026,2025-06-30,True,80,10,30,20,20,active,https://finance.yahoo.co.jp/quote/6036.T
6566,要興業,9050,サービス業,2026,2025-03-31,True,80,10,30,20,20,active,https://finance.yahoo.co.jp/quote/6566.T
7079,ＷＤＢココ,9050,サービス業,2026,2025-03-31,True,80,10,30,20,20,active,https://finance.yahoo.co.jp/quote/7079.T
7082,ジモティー,9050,サービス業,2026,2024-12-31,True,80,10,30,20,20,active,https://finance.yahoo.co.jp/quote/7082.T
7096,ステムセル研究所,9050,サービス業,2026,2025-03-31,True,80,10,30,20,20,active,https://finance.yahoo.co.jp/quote/7096.T
7373,アイドマ・ホールディングス,9050,サービス業,2026,2025-08-31,True,80,10,30,20,20,active,https://finance.yahoo.co.jp/quote/7373.T
9795,ステップ,9050,サービス業,2026,2025-09-30,True,80,10,30,20,20,active,https://finance.yahoo.co.jp/quote/9795.T
5962,浅香工業,3800,その他製品,2026,2025-03-31,True,80,10,30,20,20,active,https://finance.yahoo.co.jp/quote/5962.T
7792,コラントッテ,3800,その他製品,2026,2025-09-30,True,80,10,30,20,20,active,https://finance.yahoo.co.jp/quote/7792.T
7819,粧美堂,3800,その他製品,2026,2025-09-30,True,80,10,30,20,20,active,https://finance.yahoo.co.jp/quote/7819.T
7994,オカムラ,3800,その他製品,2026,2025-03-31,True,80,10,30,20,20,active,https://finance.yahoo.co.jp/quote/7994.T
8771,イー・ギャランティ,7200,その他金融業,2026,2025-03-31,True,80,10,30,20,20,active,https://finance.yahoo.co.jp/quote/8771.T
3484,イノベーションホールディングス,8050,不動産業,2026,2025-03-31,True,80,10,30,20,20,active,https://finance.yahoo.co.jp/quote/3484.T
4809,パラカ,8050,不動産業,2026,2025-09-30,True,80,10,30,20,20,active,https://finance.yahoo.co.jp/quote/4809.T
8850,スターツコーポレーション,8050,不動産業,2026,2025-03-31,True,80,10,30,20,20,active,https://finance.yahoo.co.jp/quote/8850.T
2692,伊藤忠食品,6050,卸売業,2026,2025-03-31,True,80,10,30,20,20,active,https://finance.yahoo.co.jp/quote/2692.T
7131,のむら産業,6050,卸売業,2026,2025-10-31,True,80,10,30,20,20,active,https://finance.yahoo.co.jp/quote/7131.T
7434,オータケ,6050,卸売業,2026,2025-05-31,True,80,10,30,20,20,active,https://finance.yahoo.co.jp/quote/7434.T
7444,ハリマ共和物産,6050,卸売業,2026,2025-03-31,True,80,10,30,20,20,active,https://finance.yahoo.co.jp/quote/7444.T
7510,たけびし,6050,卸売業,2026,2025-03-31,True,80,10,30,20,20,active,https://finance.yahoo.co.jp/quote/7510.T
7525,リックス,6050,卸売業,2026,2025-03-31,True,80,10,30,20,20,active,https://finance.yahoo.co.jp/quote/7525.T
8283,ＰＡＬＴＡＣ,6050,卸売業,2026,2025-03-31,True,80,10,30,20,20,active,https://finance.yahoo.co.jp/quote/8283.T
9857,英和,6050,卸売業,2026,2025-03-31,True,80,10,30,20,20,active,https://finance.yahoo.co.jp/quote/9857.T
9869,加藤産業,6050,卸売業,2026,2025-09-30,True,80,10,30,20,20,active,https://finance.yahoo.co.jp/quote/9869.T
1909,日本ドライケミカル,3600,機械,2026,2025-03-31,True,80,10,30,20,20,active,https://finance.yahoo.co.jp/quote/1909.T
6237,イワキポンプ,3600,機械,2026,2025-03-31,True,80,10,30,20,20,active,https://finance.yahoo.co.jp/quote/6237.T
6248,横田製作所,3600,機械,2026,2025-03-31,True,80,10,30,20,20,active,https://finance.yahoo.co.jp/quote/6248.T
6387,サムコ,3600,機械,2026,2025-07-31,True,80,10,30,20,20,active,https://finance.yahoo.co.jp/quote/6387.T
6396,宇野澤組鐵工所,3600,機械,2026,2025-03-31,True,80,10,30,20,20,active,https://finance.yahoo.co.jp/quote/6396.T
6402,兼松エンジニアリング,3600,機械,2026,2025-03-31,True,80,10,30,20,20,active,https://finance.yahoo.co.jp/quote/6402.T
4274,細谷火工,3200,化学,2026,2025-03-31,True,80,10,30,20,20,active,https://finance.yahoo.co.jp/quote/4274.T
4931,新日本製薬,3200,化学,2026,2025-09-30,True,80,10,30,20,20,active,https://finance.yahoo.co.jp/quote/4931.T
4992,北興化学工業,3200,化学,2026,2024-11-30,True,80,10,30,20,20,active,https://finance.yahoo.co.jp/quote/4992.T
2216,カンロ,3050,食料品,2026,2024-12-31,True,80,10,30,20,20,active,https://finance.yahoo.co.jp/quote/2216.T
2602,日清オイリオグループ,3050,食料品,2026,2025-03-31,True,80,10,30,20,20,active,https://finance.yahoo.co.jp/quote/2602.T
2875,東洋水産,3050,食料品,2026,2025-03-31,True,80,10,30,20,20,active,https://finance.yahoo.co.jp/quote/2875.T
2923,サトウ食品,3050,食料品,2026,2025-04-30,True,80,10,30,20,20,active,https://finance.yahoo.co.jp/quote/2923.T
2927,ＡＦＣ－ＨＤアムスライフサイエンス,3050,食料品,2026,2025-08-31,True,80,10,30,20,20,active,https://finance.yahoo.co.jp/quote/2927.T
7730,マニー,3750,精密機器,2026,2025-08-31,True,80,10,30,20,20,active,https://finance.yahoo.co.jp/quote/7730.T
7760,ＩＭＶ,3750,精密機器,2026,2025-09-30,True,80,10,30,20,20,active,https://finance.yahoo.co.jp/quote/7760.T
5903,シンポ,3550,金属製品,2026,2025-06-30,True,80,10,30,20,20,active,https://finance.yahoo.co.jp/quote/5903.T
5921,川岸工業,3550,金属製品,2026,2025-09-30,True,80,10,30,20,20,active,https://finance.yahoo.co.jp/quote/5921.T
5941,中西製作所,3550,金属製品,2026,2025-03-31,True,80,10,30,20,20,active,https://finance.yahoo.co.jp/quote/5941.T
5974,中国工業,3550,金属製品,2026,2025-03-31,True,80,10,30,20,20,active,https://finance.yahoo.co.jp/quote/5974.T
6504,富士電機,3650,電気機器,2026,2025-03-31,True,80,10,30,20,20,active,https://finance.yahoo.co.jp/quote/6504.T
6745,ホーチキ,3650,電気機器,2026,2025-03-31,True,80,10,30,20,20,active,https://finance.yahoo.co.jp/quote/6745.T
6785,鈴木,3650,電気機器,2026,2025-06-30,True,80,10,30,20,20,active,https://finance.yahoo.co.jp/quote/6785.T
6920,レーザーテック,3650,電気機器,2026,2025-06-30,True,80,10,30,20,20,active,https://finance.yahoo.co.jp/quote/6920.T
6929,日本セラミック,3650,電気機器,2026,2024-12-31,True,80,10,30,20,20,active,https://finance.yahoo.co.jp/quote/6929.T
3569,セーレン,3100,繊維製品,2026,2025-03-31,True,80,10,30,20,20,active,https://finance.yahoo.co.jp/quote/3569.T
7292,村上開明堂,3700,輸送用機器,2026,2025-03-31,True,80,10,30,20,20,active,https://finance.yahoo.co.jp/quote/7292.T
5273,三谷セキサン,3400,ガラス・土石製品,2026,2025-03-31,True,80,10,30,20,20,active,https://finance.yahoo.co.jp/quote/5273.T
5310,東洋炭素,3400,ガラス・土石製品,2026,2024-12-31,True,80,10,30,20,20,active,https://finance.yahoo.co.jp/quote/5310.T
9533,東邦瓦斯,4050,電気・ガス業,2026,2025-03-31,True,80,10,30,20,20,active,https://finance.yahoo.co.jp/quote/9533.T
